,motif_id,nb_real,freq,freq cumul,inv_freq_cumul,s_valid,label,birthDate,birthYear,deathYear,alias,birthName,deathDate
110,motif110,236545,0.216242826034888,0.216242826034888,0.783757173965112,1,1,1,1,0,0,0,0
36,motif36,169215,0.154691622344559,0.370934448379447,0.629065551620553,0,1,0,0,0,0,0,0
63,motif63,157719,0.144182300532231,0.515116748911678,0.484883251088322,0,0,0,1,0,0,0,0
5,motif5,135656,0.124012922736007,0.639129671647685,0.360870328352315,0,0,1,1,0,0,0,0
41,motif41,89031,0.0813896512067985,0.720519322854484,0.279480677145516,1,1,1,1,1,0,0,1
124,motif124,72189,0.0659931656498026,0.786512488504287,0.213487511495714,0,0,1,1,1,0,0,1
53,motif53,67395,0.0616106248731586,0.848123113377445,0.151876886622555,0,0,0,1,1,0,0,0
66,motif66,26810,0.0245089524868222,0.872632065864267,0.127367934135733,1,1,0,1,0,0,0,0
114,motif114,18613,0.0170154842460732,0.88964755011034,0.11035244988966,0,0,1,1,0,0,1,0
24,motif24,17656,0.0161406216004227,0.905788171710763,0.0942118282892369,0,0,1,1,1,0,1,1
90,motif90,15639,0.014296736588639,0.920084908299402,0.0799150917005979,1,1,0,1,1,0,0,0
81,motif81,12451,0.0113823561138912,0.931467264413293,0.0685327355867067,1,1,1,1,1,0,1,1
125,motif125,11639,0.0106400484145514,0.942107312827845,0.0578926871721552,1,1,1,1,0,0,1,0
104,motif104,6637,0.00606735985285487,0.9481746726807,0.0518253273193003,0,0,0,0,1,0,0,0
6,motif6,6568,0.00600428198185186,0.954178954662552,0.0458210453374485,0,1,0,0,0,0,1,0
14,motif14,6284,0.00574465712149164,0.959923611784043,0.0400763882159568,0,1,0,0,1,0,0,1
78,motif78,5812,0.0053131679169493,0.965236779700992,0.0347632202990076,0,0,0,0,0,0,1,0
47,motif47,4569,0.00417685206685157,0.969413631767844,0.030586368232156,1,1,0,1,1,0,0,1
48,motif48,3799,0.00347293959333971,0.972886571361184,0.0271134286388163,0,0,0,0,1,0,0,1
32,motif32,3025,0.00276537043165376,0.975651941792837,0.0243480582071626,0,1,0,0,1,0,0,0
22,motif22,3010,0.00275165785100093,0.978403599643838,0.0215964003561616,1,1,1,1,1,0,0,0
89,motif89,2575,0.0023539930120689,0.980757592655907,0.0192424073440928,0,0,0,1,1,0,0,1
117,motif117,1963,0.00179451972143349,0.982552112377341,0.0174478876226593,1,1,1,1,0,1,0,0
2,motif2,1754,0.00160345776433742,0.984155570141678,0.0158444298583218,0,0,1,1,1,0,0,0
27,motif27,1754,0.00160345776433742,0.985759027906016,0.0142409720939843,0,0,0,1,0,0,1,0
65,motif65,1648,0.0015065555277241,0.98726558343374,0.0127344165662603,1,1,0,1,0,0,1,0
92,motif92,1555,0.00142153752767656,0.988687120961416,0.0113128790385837,1,1,0,1,1,0,1,0
123,motif123,1549,0.00141605249541543,0.990103173456832,0.00989682654316826,0,1,0,0,0,1,0,0
67,motif67,1430,0.00130726602223632,0.991410439479068,0.00858956052093196,0,0,0,1,1,0,1,0
31,motif31,1132,0.00103484275326679,0.992445282232335,0.00755471776766514,1,1,1,1,1,1,0,1
112,motif112,873,0.000798072193994621,0.99324335442633,0.00675664557367051,0,0,1,1,0,1,0,0
94,motif94,640,0.000585070107854018,0.993828424534184,0.00617157546581648,0,0,1,1,1,1,0,1
85,motif85,629,0.000575014215375277,0.994403438749559,0.00559656125044117,0,0,0,1,1,0,1,1
97,motif97,625,0.000571357527201189,0.99497479627676,0.00502520372324,1,1,0,1,1,0,1,1
69,motif69,518,0.000473541118544346,0.995448337395304,0.00455166260469564,0,0,0,0,0,1,0,0
60,motif60,510,0.00046622774219617,0.995914565137501,0.00408543486249946,0,1,0,0,1,0,1,1
46,motif46,415,0.00037938139806159,0.996293946535562,0.00370605346443786,0,0,1,1,1,0,1,0
44,motif44,411,0.000375724709887502,0.99666967124545,0.00333032875455042,0,0,0,0,1,0,1,1
20,motif20,386,0.000352870408799454,0.997022541654249,0.00297745834575092,1,1,1,1,1,0,1,0
34,motif34,382,0.000349213720625367,0.997371755374874,0.00262824462512556,1,1,1,1,0,1,1,0
58,motif58,287,0.000262367376490786,0.997634122751365,0.0023658772486348,1,1,0,1,0,1,0,0
82,motif82,273,0.000249568967881479,0.997883691719247,0.00211630828075327,1,1,0,1,1,1,0,0
116,motif116,253,0.000231285527011041,0.998114977246258,0.00188502275374225,0,0,1,1,1,1,1,1
121,motif121,223,0.000203860365705384,0.998318837611963,0.00168116238803684,0,1,0,0,1,0,1,0
119,motif119,209,0.000191061957096078,0.998509899569059,0.00149010043094078,0,0,1,1,0,1,1,0
1,motif1,171,0.000156323419442245,0.998666222988502,0.0013337770114985,0,1,0,0,0,1,1,0
26,motif26,145,0.000132554946310676,0.998798777934812,0.0012012220651878,0,0,0,0,1,0,1,0
42,motif42,141,0.000128898258136588,0.998927676192949,0.00107232380705125,1,1,0,1,1,1,0,1
18,motif18,137,0.000125241569962501,0.999052917762911,0.000947082237088726,0,0,0,1,0,1,0,0
62,motif62,103,9.4159720482756E-05,0.999147077483394,0.000852922516605958,0,0,0,1,1,1,0,0
101,motif101,88,8.04471398299274E-05,0.999227524623224,0.00077247537677605,0,0,0,0,0,1,1,0
10,motif10,69,6.30778710030113E-05,0.999290602494227,0.000709397505773035,1,1,1,1,1,1,0,0
64,motif64,64,5.85070107854018E-05,0.999349109505012,0.000650890494987677,0,1,0,0,1,1,0,1
21,motif21,53,4.84511183066608E-05,0.999397560623319,0.00060243937668103,1,1,0,1,1,1,1,0
91,motif91,52,4.75369462631389E-05,0.999445097569582,0.000554902430417892,0,0,0,1,1,1,0,1
38,motif38,45,4.11377419584856E-05,0.999486235311541,0.000513764688459428,1,1,0,1,0,1,1,0
115,motif115,44,4.02235699149637E-05,0.999526458881456,0.000473541118544474,0,1,0,0,1,1,0,0
52,motif52,38,3.47385376538323E-05,0.999561197419109,0.000438802580890685,0,0,0,0,1,1,0,1
118,motif118,28,2.55968172186133E-05,0.999586794236328,0.000413205763672098,1,1,0,1,1,1,1,1
109,motif109,25,2.28543010880476E-05,0.999609648537416,0.000390351462584038,0,0,1,1,1,1,0,0
16,motif16,20,1.82834408704381E-05,0.999627931978286,0.000372068021713634,0,0,0,0,1,1,0,0
71,motif71,16,1.46267526963504E-05,0.999642558730983,0.000357441269017267,0,0,0,1,1,1,1,0
7,motif7,15,1.37125806528285E-05,0.999656271311636,0.000343728688364409,1,1,1,1,1,1,1,0
9,motif9,12,1.09700645222628E-05,0.999667241376158,0.000332758623842189,0,0,0,1,1,1,1,1
80,motif80,11,1.00558924787409E-05,0.999677297268637,0.000322702731363478,0,0,0,1,0,1,1,0
73,motif73,9,8.22754839169712E-06,0.999685524817028,0.000314475182971785,0,0,1,1,1,1,1,0
84,motif84,7,6.39920430465332E-06,0.999691924021333,0.000308075978667111,0,1,0,0,1,1,1,1
49,motif49,6,5.48503226113142E-06,0.999697409053594,0.000302590946405945,0,1,0,0,1,1,1,0
43,motif43,3,2.74251613056571E-06,0.999700151569725,0.000299848430275418,0,0,0,0,1,1,1,1
30,motif30,2,1.82834408704381E-06,0.999701979913812,0.0002980200861884,0,0,0,0,1,1,1,0
50,motif50,1,9.14172043521903E-07,0.999702894085855,0.000297105914144891,0,0,0,1,0,0,0,1
93,motif93,1,9.14172043521903E-07,0.999703808257899,0.000296191742101382,0,0,1,0,0,0,0,0
103,motif103,1,9.14172043521903E-07,0.999704722429942,0.000295277570057873,0,1,0,0,0,0,0,1
0,motif0,0,0,0.999704722429942,0.000295277570057873,1,1,1,0,0,1,1,1
3,motif3,0,0,0.999704722429942,0.000295277570057873,1,1,1,0,0,0,0,1
4,motif4,0,0,0.999704722429942,0.000295277570057873,0,0,1,0,0,0,1,1
8,motif8,0,0,0.999704722429942,0.000295277570057873,1,1,1,0,0,1,1,0
11,motif11,0,0,0.999704722429942,0.000295277570057873,0,0,1,1,0,1,0,1
12,motif12,0,0,0.999704722429942,0.000295277570057873,1,1,1,0,1,1,1,1
13,motif13,0,0,0.999704722429942,0.000295277570057873,0,1,0,0,0,1,1,1
15,motif15,0,0,0.999704722429942,0.000295277570057873,0,0,1,0,0,1,0,1
17,motif17,0,0,0.999704722429942,0.000295277570057873,0,1,0,0,0,0,1,1
19,motif19,0,0,0.999704722429942,0.000295277570057873,1,1,1,0,0,0,0,0
23,motif23,0,0,0.999704722429942,0.000295277570057873,1,1,1,0,1,1,0,1
25,motif25,0,0,0.999704722429942,0.000295277570057873,1,1,1,0,0,0,1,1
28,motif28,0,0,0.999704722429942,0.000295277570057873,0,0,1,0,0,1,1,1
29,motif29,0,0,0.999704722429942,0.000295277570057873,0,0,1,0,1,1,1,0
33,motif33,0,0,0.999704722429942,0.000295277570057873,1,1,1,0,0,1,0,1
35,motif35,0,0,0.999704722429942,0.000295277570057873,1,1,1,1,0,1,1,1
37,motif37,0,0,0.999704722429942,0.000295277570057873,0,0,0,1,0,1,0,1
39,motif39,0,0,0.999704722429942,0.000295277570057873,0,0,1,1,0,1,1,1
40,motif40,0,0,0.999704722429942,0.000295277570057873,0,0,1,0,1,0,1,1
45,motif45,0,0,0.999704722429942,0.000295277570057873,1,1,1,0,0,1,0,0
51,motif51,0,0,0.999704722429942,0.000295277570057873,0,0,1,0,1,1,0,1
54,motif54,0,0,0.999704722429942,0.000295277570057873,0,0,1,0,1,1,0,0
55,motif55,0,0,0.999704722429942,0.000295277570057873,1,1,0,1,0,0,1,1
56,motif56,0,0,0.999704722429942,0.000295277570057873,1,1,1,0,0,0,1,0
57,motif57,0,0,0.999704722429942,0.000295277570057873,1,1,1,1,0,1,0,1
59,motif59,0,0,0.999704722429942,0.000295277570057873,1,1,0,1,0,1,0,1
61,motif61,0,0,0.999704722429942,0.000295277570057873,0,0,1,0,1,0,1,0
68,motif68,0,0,0.999704722429942,0.000295277570057873,1,1,1,0,1,1,0,0
70,motif70,0,0,0.999704722429942,0.000295277570057873,1,1,1,0,1,1,1,0
72,motif72,0,0,0.999704722429942,0.000295277570057873,0,0,0,0,0,0,0,0
74,motif74,0,0,0.999704722429942,0.000295277570057873,1,1,1,0,1,0,0,0
75,motif75,0,0,0.999704722429942,0.000295277570057873,0,0,1,0,0,1,0,0
76,motif76,0,0,0.999704722429942,0.000295277570057873,0,0,1,0,1,1,1,1
77,motif77,0,0,0.999704722429942,0.000295277570057873,1,1,1,0,1,0,1,0
79,motif79,0,0,0.999704722429942,0.000295277570057873,0,0,1,0,1,0,0,1
83,motif83,0,0,0.999704722429942,0.000295277570057873,1,1,1,0,1,0,1,1
86,motif86,0,0,0.999704722429942,0.000295277570057873,0,0,1,0,0,0,1,0
87,motif87,0,0,0.999704722429942,0.000295277570057873,1,1,0,1,0,0,0,1
88,motif88,0,0,0.999704722429942,0.000295277570057873,0,0,0,0,0,1,1,1
95,motif95,0,0,0.999704722429942,0.000295277570057873,1,1,1,1,0,0,0,1
96,motif96,0,0,0.999704722429942,0.000295277570057873,0,0,0,1,0,0,1,1
98,motif98,0,0,0.999704722429942,0.000295277570057873,0,0,0,1,0,1,1,1
99,motif99,0,0,0.999704722429942,0.000295277570057873,1,1,1,0,1,0,0,1
100,motif100,0,0,0.999704722429942,0.000295277570057873,0,1,0,0,0,1,0,1
102,motif102,0,0,0.999704722429942,0.000295277570057873,0,0,0,0,0,0,0,1
105,motif105,0,0,0.999704722429942,0.000295277570057873,0,0,1,0,0,0,0,1
106,motif106,0,0,0.999704722429942,0.000295277570057873,1,1,1,1,0,0,1,1
107,motif107,0,0,0.999704722429942,0.000295277570057873,1,1,0,1,0,1,1,1
108,motif108,0,0,0.999704722429942,0.000295277570057873,0,0,1,0,1,0,0,0
111,motif111,0,0,0.999704722429942,0.000295277570057873,0,0,0,0,0,0,1,1
113,motif113,0,0,0.999704722429942,0.000295277570057873,0,0,0,0,0,1,0,1
120,motif120,0,0,0.999704722429942,0.000295277570057873,0,0,1,1,0,0,1,1
122,motif122,0,0,0.999704722429942,0.000295277570057873,0,0,1,0,0,1,1,0
126,motif126,0,0,0.999704722429942,0.000295277570057873,0,0,1,1,0,0,0,1
