,test_BLEU,test_F1_macro,test_F1_micro,test_accuracy,test_dist_edit,test_fn_rate,test_fp_rate,test_loss,test_part_parsed,test_part_subj_ok,test_prec_macro,test_prec_micro,test_recall_macro,test_recall_micro,_runtime,model,fold,test_part_valid_r,test_part_valid_s
0,0.973299980163574,73.4815853490842,92.3076934814453,0.930827081203461,NaN,0.0105263162404299,0.0586466155946255,0.0450641140341759,0.949999988079071,0.949999988079071,69.2458210904769,87.6190490722656,80.7760141093474,97.5265045166016,971.990160942078,sample0_train_model_0_bart-base,0,,
1,0.843866646289825,73.4363129470136,93.4513244628906,0.946064114570618,NaN,0.00728862965479493,0.0466472320258617,0.0186898373067379,0.980000019073486,0.980000019073486,69.4481190214261,89.1891860961914,81.5799862465935,98.1412658691406,224.924355268478,sample0_train_model_0_bart-base,1,,
2,1,88.3790340254023,95.0943374633789,0.962099134922028,26,0.00437317788600922,0.0335276983678341,0.0197749771177769,0.980000019073486,0.980000019073486,89.7777957336781,91.6363601684571,90,98.8235321044922,720.402938365936,sample0_train_model_0_bart-base,2,,
3,1,97.1403107196422,98.8970565795898,0.991253674030304,NaN,0.00145772600080818,0.00728862965479493,0.00413518585264683,0.980000019073486,0.980000019073486,97.5757819302123,98.1751861572266,97.1428571428571,99.6296310424805,527.277841806412,sample0_train_model_0_bart-base,3,,
4,1,99.3506493506494,99.609375,0.996960461139679,NaN,0,0.00303951371461153,0.00345883169211447,0.939999997615814,0.939999997615814,98.7577639751553,99.2217864990234,100,100,252.107069730759,sample0_train_model_0_bart-base,4,,
5,1,84.9945363702396,99.4371490478516,0.995488703250885,NaN,0,0.0045112781226635,0.000918620673473924,0.949999988079071,0.949999988079071,84.3022648992798,98.8805999755859,85.7142857142857,100,244.887167215347,sample0_train_model_0_bart-base,5,,
6,1,100,100,1,NaN,0,0,5.02697948832065E-05,0.959999978542328,0.959999978542328,100,100,100,100,219.851984977722,sample0_train_model_0_bart-base,6,,
7,1,99.895724713243,99.8151550292969,0.998511910438538,NaN,0,0.00148809526581317,0.000363677041605115,0.959999978542328,0.959999978542328,99.7929606625259,99.6309967041016,100,100,532.356869220734,sample0_train_model_0_bart-base,7,,
8,1,100,100,1,NaN,0,0,3.15757679345552E-05,0.980000019073486,0.980000019073486,100,100,100,100,215.498157501221,sample0_train_model_0_bart-base,8,,
9,1,100,100,1,NaN,0,0,4.67633344669594E-06,0.949999988079071,0.949999988079071,100,100,100,100,304.1839427948,sample0_train_model_0_bart-base,9,,
10,0.995850026607513,82.0626057979844,96.1479187011719,0.961180150508881,NaN,0.0155279505997896,0.0232919249683619,0.0201871376484633,0.9200000166893,0.9200000166893,81.8484050564481,95.412841796875,82.4472402597403,96.8944091796875,796.523941755295,sample0_train_model_1_bart-base,0,,
11,1,82.7161965871643,97.2267532348633,0.972402572631836,NaN,0.0129870129749179,0.0146103892475367,0.0200100615620613,0.879999995231628,0.879999995231628,82.1532669011661,97.0684051513672,83.3968346249877,97.3856201171875,707.282645225525,sample0_train_model_1_bart-base,1,,
12,1,85.44474393531,99.8319320678711,0.998357951641083,NaN,0,0.00164203613530844,0.000319460581522435,0.870000004768372,0.870000004768372,85.1851851851852,99.6644287109375,85.7142857142857,100,232.859292507172,sample0_train_model_1_bart-base,2,,
13,1,85.3198879551821,99.6587066650391,0.996715903282166,NaN,0.00164203613530844,0.00164203613530844,0.00328952190466225,0.870000004768372,0.870000004768372,85.4875283446712,99.6587066650391,85.1648351648352,99.6587066650391,344.081543207169,sample0_train_model_1_bart-base,3,,
14,1,100,100,1,NaN,0,0,0.00138517399318516,0.899999976158142,0.899999976158142,100,100,100,100,465.058481454849,sample0_train_model_1_bart-base,4,,
15,1,100,100,1,NaN,0,0,0.000113569862151053,0.839999973773956,0.839999973773956,100,100,100,100,255.489962100983,sample0_train_model_1_bart-base,5,,
16,1,99.9000999000999,99.8290634155273,0.998397409915924,NaN,0.00160256412345916,0,0.000540053064469248,0.889999985694885,0.889999985694885,100,100,99.8015873015873,99.6587066650391,389.661374568939,sample0_train_model_1_bart-base,6,,
17,1,100,100,1,NaN,0,0,3.5857709008269E-05,0.910000026226044,0.910000026226044,100,100,100,100,386.029166221619,sample0_train_model_1_bart-base,7,,
18,1,85.7142857142857,100,1,NaN,0,0,1.57595059135929E-05,0.879999995231628,0.879999995231628,85.7142857142857,100,85.7142857142857,100,396.839844703674,sample0_train_model_1_bart-base,8,,
19,1,99.6677740863787,99.8087921142578,0.998194932937622,NaN,0,0.00180505414027721,0.00100911187473685,0.790000021457672,0.790000021457672,99.3506493506494,99.6183242797852,100,100,269.913004159927,sample0_train_model_1_bart-base,9,,
20,0.995850026607513,81.5301474916499,95.9420318603516,0.959999978542328,NaN,0.0157142858952284,0.0242857150733471,0.0201871376484633,1,1,81.0705006526265,95.1149444580078,82.1034663865546,96.7836227416992,835.236213922501,sample0_train_model_1_V2_bart-base,0,,
21,0.973299980163574,73.4623788167963,92.5039901733398,0.932857155799866,NaN,0.00999999977648258,0.0571428574621677,0.0450641140341759,1,1,69.2050355084303,87.8787841796875,80.7862679955703,97.6430969238281,1096.09933042526,sample0_train_model_0_V2_bart-base,0,,
22,0.995150029659271,82.0303212761238,96.726188659668,0.968571424484253,NaN,0.0128571428358555,0.0185714289546013,0.0200100615620613,1,1,81.0781777499732,96.1538467407227,83.056407532614,97.3053894042969,777.590455770493,sample0_train_model_1_V2_bart-base,1,,
23,0.843866646289825,73.5657332761827,93.6096725463867,0.947142839431763,NaN,0.00714285718277097,0.0457142852246761,0.0186898373067379,1,1,69.6605218453044,89.4389419555664,81.5917107583774,98.1884078979492,259.243640899658,sample0_train_model_0_V2_bart-base,1,,
24,1,88.3930140228859,95.1310882568359,0.96248197555542,26,0.00432900432497263,0.0331890322268009,0.0197749771177769,0.990000009536743,0.990000009536743,89.8038846587278,91.6967544555664,90,98.8326873779297,803.563151359558,sample0_train_model_0_V2_bart-base,2,,
25,1,85.44474393531,99.8487167358398,0.998571455478668,NaN,0,0.00142857141327113,0.000319460581522435,1,1,85.1851851851852,99.6978836059571,85.7142857142857,100,241.103188276291,sample0_train_model_1_V2_bart-base,2,,
26,1,85.1831566057165,99.5433807373047,0.99571430683136,NaN,0.00142857141327113,0.00285714282654226,0.00328952190466225,1,1,85.142651148419,99.3920974731445,85.2380952380953,99.6951217651367,358.464375734329,sample0_train_model_1_V2_bart-base,3,,
27,1,97.1425713857475,98.9169692993164,0.991428554058075,NaN,0.00142857141327113,0.00714285718277097,0.00413518585264683,1,1,97.5802469135802,98.2078857421875,97.1428571428571,99.6363601684571,583.531766414642,sample0_train_model_0_V2_bart-base,3,,
28,1,99.3124131372979,99.5529098510742,0.99571430683136,NaN,0,0.00428571412339807,0.00138517399318516,1,1,98.6607142857143,99.1097946166992,100,100,498.261385440826,sample0_train_model_1_V2_bart-base,4,,
29,1,100,100,1,NaN,0,0,0.000113569862151053,1,1,100,100,100,100,311.446536779404,sample0_train_model_1_V2_bart-base,5,,
30,1,98.827437951925,99.2700729370117,0.994285702705383,NaN,0,0.00571428565308452,0.00345883169211447,1,1,97.7633477633478,98.5507278442383,100,100,285.182011127472,sample0_train_model_0_V2_bart-base,4,,
31,1,85.0357680144914,99.4633255004883,0.99571430683136,NaN,0,0.00428571412339807,0.000918620673473924,1,1,84.3817563767699,98.9323806762695,85.7142857142857,100,278.465612888336,sample0_train_model_0_V2_bart-base,5,,
32,1,99.9000999000999,99.8468627929688,0.998573482036591,NaN,0.00142653356306255,0,0.000540053064469248,1,1,100,100,99.8015873015873,99.6941909790039,444.329121589661,sample0_train_model_1_V2_bart-base,6,,
33,1,100,100,1,NaN,0,0,5.02697948832065E-05,1,1,100,100,100,100,261.533028125763,sample0_train_model_0_V2_bart-base,6,,
34,1,100,100,1,NaN,0,0,3.5857709008269E-05,1,1,100,100,100,100,454.170112609863,sample0_train_model_1_V2_bart-base,7,,
35,1,99.9014778325123,99.8242492675781,0.998571455478668,NaN,0,0.00142857141327113,0.000363677041605115,1,1,99.8043052837573,99.6491241455078,100,100,656.499382734299,sample0_train_model_0_V2_bart-base,7,,
36,1,85.7142857142857,100,1,NaN,0,0,1.57595059135929E-05,1,1,85.7142857142857,100,85.7142857142857,100,493.745199203491,sample0_train_model_1_V2_bart-base,8,,
37,1,100,100,1,NaN,0,0,3.15757679345552E-05,1,1,100,100,100,100,281.55237698555,sample0_train_model_0_V2_bart-base,8,,
38,1,99.5999632993853,99.6903991699219,0.997146904468536,NaN,0,0.0028530671261251,0.00100911187473685,1,1,99.2146783750982,99.3827133178711,100,100,331.407376289368,sample0_train_model_1_V2_bart-base,9,,
39,1,100,100,1,NaN,0,0,4.67633344669594E-06,1,1,100,100,100,100,361.406611680985,sample0_train_model_0_V2_bart-base,9,,
40,1,77.1106207135285,98.0716247558594,0.980000019073486,NaN,0.00571428565308452,0.0142857143655419,0.0165464039891958,1,1,82.9302422723475,97.2677612304688,76.1904761904762,98.8888854980469,1264.99227523804,sample3_train_model_-_bart-base,0,0.889999985694885,1
41,1,74.1959312460616,97.5109786987305,0.975714266300201,NaN,0.0128571428358555,0.011428571306169,0.0159411001950502,1,1,83.319768687085,97.6539611816406,73.6374067699369,97.3684234619141,459.901172161102,sample3_train_model_-_bart-base,1,0.839999973773956,1
42,1,85.1970886512464,99.5862045288086,0.99571430683136,NaN,0,0.00428571412339807,0.00201749196276069,1,1,84.6940792446011,99.1758270263672,85.7142857142857,100,231.114505529404,sample3_train_model_-_bart-base,2,0.980000019073486,1
43,1,99.54464963319,99.7222213745117,0.997142851352692,NaN,0,0.00285714282654226,0.000277806771919131,1,1,99.1036414565826,99.4459838867188,100,100,264.333714723587,sample3_train_model_-_bart-base,3,0.990000009536743,1
44,1,100,100,1,4,0,0,0.00216541416011751,0.990000009536743,1,100,100,100,100,294.494395494461,sample3_train_model_-_bart-base,4,1,1
45,0.666666686534882,99.3197278911565,99.8631973266602,0.998571455478668,NaN,0.00142857141327113,0,0.000294098252197728,1,1,100,100,98.7012987012987,99.7267761230469,265.154773950577,sample3_train_model_-_bart-base,5,0.990000009536743,1
46,1,99.527040124055,99.7175140380859,0.997142851352692,NaN,0,0.00285714282654226,0.00180640851613134,1,1,99.0696278511405,99.4366226196289,100,100,1063.98843836784,sample3_train_model_-_bart-base,6,0.990000009536743,1
47,1,99.6336996336996,99.8527221679688,0.998571455478668,NaN,0.00142857141327113,0,0.00069661351153627,1,1,100,100,99.2857142857143,99.7058792114258,227.654635429382,sample3_train_model_-_bart-base,7,0.990000009536743,1
48,1,100,100,1,NaN,0,0,8.65525089466246E-06,1,1,100,100,100,100,295.554571151733,sample3_train_model_-_bart-base,8,1,1
49,1,100,100,1,NaN,0,0,0.000116034840175416,1,1,100,100,100,100,227.132971525192,sample3_train_model_-_bart-base,9,1,1
